timestamp,size,mode,strategy,execution,backend,entity,phase,rows,median_seconds,rows_per_second,peak_memory_mb
2026-08-01T17:37:15,1000,multi,optimized,materialize,(sources),*,read,1000,0.5991696999990381,1668.9762516389019,
2026-08-01T17:37:15,1000,multi,optimized,materialize,postgres,*,map,737,0.15737610001815483,4683.049077432851,
2026-08-01T17:37:15,1000,multi,optimized,materialize,postgres,categories,write,1,0.009016499971039593,110.90778053700821,
2026-08-01T17:37:15,1000,multi,optimized,materialize,postgres,products,write,116,0.04504070000257343,2575.448427608191,
2026-08-01T17:37:15,1000,multi,optimized,materialize,postgres,inventory,write,116,0.029006199969444424,3999.1450145898525,
2026-08-01T17:37:15,1000,multi,optimized,materialize,postgres,orders,write,389,0.095016100036446,4094.0430079827365,
2026-08-01T17:37:15,1000,multi,optimized,materialize,mongodb,*,map,116,0.001643399999011308,70585.3718326562,
2026-08-01T17:37:15,1000,multi,optimized,materialize,mongodb,product_catalog,write,116,0.03649179998319596,3178.7963337905126,
2026-08-01T17:37:15,1000,multi,optimized,materialize,cassandra,*,map,1000,0.14214800001354888,7034.921348908776,
2026-08-01T17:37:15,1000,multi,optimized,materialize,cassandra,user_activity_log,write,1000,1.1509967999882065,868.8121461417151,
2026-08-01T17:37:15,1000,multi,optimized,materialize,redis,*,map,495,0.04419190000044182,11201.14772152931,
2026-08-01T17:37:15,1000,multi,optimized,materialize,redis,shopping_cart,write,241,0.047595699958037585,5063.482629995482,
2026-08-01T17:37:15,1000,multi,optimized,materialize,redis,user_session,write,254,0.03796739998506382,6689.9498016699135,
2026-08-01T17:37:15,1000,multi,optimized,materialize,neo4j,*,map,505,0.000791700033005327,637867.8526549994,
2026-08-01T17:37:15,1000,multi,optimized,materialize,neo4j,User,write,11,0.10015710000880063,109.82746104902648,
2026-08-01T17:37:15,1000,multi,optimized,materialize,neo4j,Product,write,116,0.09833579999394715,1179.6314262673425,
2026-08-01T17:37:15,1000,multi,optimized,materialize,neo4j,rel:PURCHASED,write,389,0.2787864000420086,1395.3334880804227,
2026-08-01T17:37:15,1000,multi,optimized,stream,(stream),*,write,3242,4.632035900023766,699.9082196196636,
2026-08-01T17:37:15,1000,combined,optimized,materialize,(sources),*,read,1000,1.0845196999725886,922.0671602602288,
2026-08-01T17:37:15,1000,combined,optimized,materialize,postgres,*,map,737,0.14058250002563,5242.473279857987,
2026-08-01T17:37:15,1000,combined,optimized,materialize,postgres,categories,write,1,0.006245800002943724,160.10759222656623,
2026-08-01T17:37:15,1000,combined,optimized,materialize,postgres,products,write,116,0.03291710000485182,3524.004240437407,
2026-08-01T17:37:15,1000,combined,optimized,materialize,postgres,inventory,write,116,0.02682169998297468,4324.856369045663,
2026-08-01T17:37:15,1000,combined,optimized,materialize,postgres,orders,write,389,0.08576679998077452,4535.554551262239,
2026-08-01T17:37:15,1000,combined,optimized,materialize,mongodb,*,map,116,0.0011271000257693231,102918.99329948293,
2026-08-01T17:37:15,1000,combined,optimized,materialize,mongodb,product_catalog,write,116,0.030186999996658415,3842.71375137777,
2026-08-01T17:37:15,1000,combined,optimized,materialize,cassandra,*,map,1000,0.132497200043872,7547.329299554131,
2026-08-01T17:37:15,1000,combined,optimized,materialize,cassandra,user_activity_log,write,1000,1.1111468999879435,899.9710119434708,
2026-08-01T17:37:15,1000,combined,optimized,materialize,redis,*,map,495,0.05605620000278577,8830.423752865881,
2026-08-01T17:37:15,1000,combined,optimized,materialize,redis,shopping_cart,write,241,0.088078000000678,2736.2110856075847,
2026-08-01T17:37:15,1000,combined,optimized,materialize,redis,user_session,write,254,0.03381619998253882,7511.192864105201,
2026-08-01T17:37:15,1000,combined,optimized,materialize,neo4j,*,map,505,0.0007822000188753009,645614.9166630327,
2026-08-01T17:37:15,1000,combined,optimized,materialize,neo4j,User,write,11,0.028967400023248047,379.7372215377235,
2026-08-01T17:37:15,1000,combined,optimized,materialize,neo4j,Product,write,116,0.05663740000454709,2048.116615358174,
2026-08-01T17:37:15,1000,combined,optimized,materialize,neo4j,rel:PURCHASED,write,389,0.17756169999483973,2190.7877656685255,
2026-08-01T17:37:15,1000,combined,optimized,stream,(stream),*,write,3242,5.561039499996696,582.9845301407995,
2026-08-01T17:37:15,10000,multi,optimized,materialize,(sources),*,read,10000,1.5074926999513991,6633.53129359923,
2026-08-01T17:37:15,10000,multi,optimized,materialize,postgres,*,map,7367,0.1855132000055164,39711.459884153446,
2026-08-01T17:37:15,10000,multi,optimized,materialize,postgres,categories,write,11,0.007197000028099865,1528.4146112340914,
2026-08-01T17:37:15,10000,multi,optimized,materialize,postgres,products,write,1161,0.20859319996088743,5565.857373191911,
2026-08-01T17:37:15,10000,multi,optimized,materialize,postgres,inventory,write,1161,0.12465650000376627,9313.593755359107,
2026-08-01T17:37:15,10000,multi,optimized,materialize,postgres,orders,write,3884,1.0478643999667838,3706.586463022428,
2026-08-01T17:37:15,10000,multi,optimized,materialize,mongodb,*,map,1161,0.0011086000013165176,1047266.8217763439,
2026-08-01T17:37:15,10000,multi,optimized,materialize,mongodb,product_catalog,write,1161,0.14320890000090003,8107.038040182582,
2026-08-01T17:37:15,10000,multi,optimized,materialize,cassandra,*,map,10000,0.5951664000167511,16802.02376968617,
2026-08-01T17:37:15,10000,multi,optimized,materialize,cassandra,user_activity_log,write,10000,10.118716199998744,988.267661860231,
2026-08-01T17:37:15,10000,multi,optimized,materialize,redis,*,map,4955,0.13379120000172406,37035.320708209125,
2026-08-01T17:37:15,10000,multi,optimized,materialize,redis,shopping_cart,write,2411,0.3598870999994688,6699.32320442594,
2026-08-01T17:37:15,10000,multi,optimized,materialize,redis,user_session,write,2544,0.27681539999321103,9190.240138599198,
2026-08-01T17:37:15,10000,multi,optimized,materialize,neo4j,*,map,5045,0.0011354999733157456,4442976.766673291,
2026-08-01T17:37:15,10000,multi,optimized,materialize,neo4j,User,write,116,0.1773665000218898,654.0130181611735,
2026-08-01T17:37:15,10000,multi,optimized,materialize,neo4j,Product,write,1161,0.25184889999218285,4609.90697214098,
2026-08-01T17:37:15,10000,multi,optimized,materialize,neo4j,rel:PURCHASED,write,3884,1.0558799999998882,3678.448308520297,
2026-08-01T17:37:15,10000,multi,optimized,stream,(stream),*,write,32412,20.93764810002176,1548.02487104396,
2026-08-01T17:37:15,10000,combined,optimized,materialize,(sources),*,read,10000,2.5087517999927513,3986.0459691663773,
2026-08-01T17:37:15,10000,combined,optimized,materialize,postgres,*,map,7367,0.34755810000933707,21196.45607396889,
2026-08-01T17:37:15,10000,combined,optimized,materialize,postgres,categories,write,11,0.007483100052922964,1469.9790089941807,
2026-08-01T17:37:15,10000,combined,optimized,materialize,postgres,products,write,1161,0.19374790001893416,5992.323012979962,
2026-08-01T17:37:15,10000,combined,optimized,materialize,postgres,inventory,write,1161,0.12808130000485107,9064.555090837048,
2026-08-01T17:37:15,10000,combined,optimized,materialize,postgres,orders,write,3884,0.7566944000427611,5132.851518103627,
2026-08-01T17:37:15,10000,combined,optimized,materialize,mongodb,*,map,1161,0.001450599986128509,800358.4800097652,
2026-08-01T17:37:15,10000,combined,optimized,materialize,mongodb,product_catalog,write,1161,0.15911940002115443,7296.407602376886,
2026-08-01T17:37:15,10000,combined,optimized,materialize,cassandra,*,map,10000,0.4203988999943249,23786.931888106734,
2026-08-01T17:37:15,10000,combined,optimized,materialize,cassandra,user_activity_log,write,10000,10.47372379997978,954.7702604129494,
2026-08-01T17:37:15,10000,combined,optimized,materialize,redis,*,map,4955,0.15232400002423674,32529.345337646035,
2026-08-01T17:37:15,10000,combined,optimized,materialize,redis,shopping_cart,write,2411,0.9760027999873273,2470.2797984097024,
2026-08-01T17:37:15,10000,combined,optimized,materialize,redis,user_session,write,2544,0.1919202000135556,13255.509320125311,
2026-08-01T17:37:15,10000,combined,optimized,materialize,neo4j,*,map,5045,0.0006896000122651458,7315835.136702749,
2026-08-01T17:37:15,10000,combined,optimized,materialize,neo4j,User,write,116,0.14804180001374334,783.562480253761,
2026-08-01T17:37:15,10000,combined,optimized,materialize,neo4j,Product,write,1161,0.21506809996208176,5398.290123940713,
2026-08-01T17:37:15,10000,combined,optimized,materialize,neo4j,rel:PURCHASED,write,3884,0.5814274000003934,6680.111738795544,
2026-08-01T17:37:15,10000,combined,optimized,stream,(stream),*,write,32412,21.182622199994512,1530.1221772254617,
2026-08-01T17:37:15,100000,multi,optimized,materialize,(sources),*,read,100000,7.694179799989797,12996.836907831632,
2026-08-01T17:37:15,100000,multi,optimized,materialize,postgres,*,map,73660,1.5536508000222966,47410.911125552084,
2026-08-01T17:37:15,100000,multi,optimized,materialize,postgres,categories,write,116,0.012883900024462491,9003.48495251844,
2026-08-01T17:37:15,100000,multi,optimized,materialize,postgres,products,write,11609,1.0580167999723926,10972.415561173433,
2026-08-01T17:37:15,100000,multi,optimized,materialize,postgres,inventory,write,11609,0.7649072000058368,15177.004478335954,
2026-08-01T17:37:15,100000,multi,optimized,materialize,postgres,orders,write,38833,6.297455899999477,6166.45842648985,
2026-08-01T17:37:15,100000,multi,optimized,materialize,mongodb,*,map,11609,0.000604800006840378,19194774.91517937,
2026-08-01T17:37:15,100000,multi,optimized,materialize,mongodb,product_catalog,write,11609,0.804424200032372,14431.44052545016,
2026-08-01T17:37:15,100000,multi,optimized,materialize,cassandra,*,map,100000,3.689200799970422,27106.141796565193,
2026-08-01T17:37:15,100000,multi,optimized,materialize,cassandra,user_activity_log,write,100000,109.60996809997596,912.3257832607829,
2026-08-01T17:37:15,100000,multi,optimized,materialize,redis,*,map,49558,0.6535217000055127,75832.21796549672,
2026-08-01T17:37:15,100000,multi,optimized,materialize,redis,shopping_cart,write,24113,2.470777900016401,9759.274599242586,
2026-08-01T17:37:15,100000,multi,optimized,materialize,redis,user_session,write,25445,2.090446400048677,12172.041339786327,
2026-08-01T17:37:15,100000,multi,optimized,materialize,neo4j,*,map,50442,0.0013418999733403325,37589985.097351894,
2026-08-01T17:37:15,100000,multi,optimized,materialize,neo4j,User,write,1160,0.7558137000305578,1534.7697454453403,
2026-08-01T17:37:15,100000,multi,optimized,materialize,neo4j,Product,write,11609,2.6221175999962725,4427.337660224127,
2026-08-01T17:37:15,100000,multi,optimized,materialize,neo4j,rel:PURCHASED,write,38833,9.84953620005399,3942.6221916710288,
2026-08-01T17:37:15,100000,multi,optimized,stream,(stream),*,write,324102,165.03104099998018,1963.88508510977,
2026-08-01T17:37:15,100000,combined,optimized,materialize,(sources),*,read,100000,15.15481609996641,6598.562420049534,
2026-08-01T17:37:15,100000,combined,optimized,materialize,postgres,*,map,73660,2.555530799960252,28823.75747580334,
2026-08-01T17:37:15,100000,combined,optimized,materialize,postgres,categories,write,116,0.024418700020760298,4750.457637031418,
2026-08-01T17:37:15,100000,combined,optimized,materialize,postgres,products,write,11609,1.5508515000110492,7485.565187845058,
2026-08-01T17:37:15,100000,combined,optimized,materialize,postgres,inventory,write,11609,0.6269285999587737,18517.26018044702,
2026-08-01T17:37:15,100000,combined,optimized,materialize,postgres,orders,write,38833,6.9792005000053905,5564.104369830041,
2026-08-01T17:37:15,100000,combined,optimized,materialize,mongodb,*,map,11609,0.0011344999657012522,10232701.940034255,
2026-08-01T17:37:15,100000,combined,optimized,materialize,mongodb,product_catalog,write,11609,0.7656547999940813,15162.185360935164,
2026-08-01T17:37:15,100000,combined,optimized,materialize,cassandra,*,map,100000,2.4774080000352114,40364.76833794785,
2026-08-01T17:37:15,100000,combined,optimized,materialize,cassandra,user_activity_log,write,100000,107.37322880001739,931.3308458503187,
2026-08-01T17:37:15,100000,combined,optimized,materialize,redis,*,map,49558,0.8450809000059962,58642.906258617804,
2026-08-01T17:37:15,100000,combined,optimized,materialize,redis,shopping_cart,write,24113,6.8964080000296235,3496.457866166912,
2026-08-01T17:37:15,100000,combined,optimized,materialize,redis,user_session,write,25445,2.195836600032635,11587.838548470241,
2026-08-01T17:37:15,100000,combined,optimized,materialize,neo4j,*,map,50442,0.0008981000282801688,56165235.95550345,
2026-08-01T17:37:15,100000,combined,optimized,materialize,neo4j,User,write,1160,0.9333874000003561,1242.7851500883314,
2026-08-01T17:37:15,100000,combined,optimized,materialize,neo4j,Product,write,11609,2.4423152999952435,4753.276532322673,
2026-08-01T17:37:15,100000,combined,optimized,materialize,neo4j,rel:PURCHASED,write,38833,11.117754900013097,3492.881462961039,
2026-08-01T17:37:15,100000,combined,optimized,stream,(stream),*,write,324102,181.4229860000196,1786.4439735324663,
